DTXSID,PREFERRED_NAME,CASRN,SHEDS_dd_mass_g_day_person_mean,EPISuite_WWTR_fremoval,EPISuite_WWTR_fretained,final_loading_g_day_person_mean
DTXSID9034650,Halosulfuron-methyl,100784-20-1,0,0.0185,0.9815,0
DTXSID9032610,Etofenprox,80844-07-1,0.013831598,0.9387,0.0613,0.000847877
DTXSID9032589,Bromadiolone,28772-56-7,4.68E-07,0.9385,0.0615,2.88E-08
DTXSID9032379,Dithiopyr,97886-45-8,0,0.6823,0.3177,0
DTXSID9032113,Tebuconazole,107534-96-3,0.008205014,0.1844,0.8156,0.006692009
DTXSID9027021,2-(2-Butoxyethoxy)ethyl acetate,124-17-4,0.11017056,0.0195,0.9805,0.108022234
DTXSID9025796,Nonane,111-84-2,0.26601322,0.9992,0.0008,0.000212811
DTXSID9024194,Mecoprop,93-65-2,0,0.078,0.922,0
DTXSID9023960,"1-Chloro-1,1-difluoroethane",75-68-3,0.185341285,0.958,0.042,0.007784334
DTXSID9021762,2-Butanol,78-92-2,0.030233142,0.0236,0.9764,0.02951964
DTXSID9021138,"1,4-Benzenediamine",106-50-3,0.115600754,0.0185,0.9815,0.11346214
DTXSID9020827,Methoxychlor,72-43-5,0,0.8009,0.1991,0
DTXSID9020407,Diazinon,333-41-5,0.131960792,0.2221,0.7779,0.1026523
DTXSID9020247,Carbaryl,63-25-2,0.13538363,0.0276,0.9724,0.131647042
DTXSID9020243,Captan,133-06-2,0.005520089,0.0431,0.9569,0.005282173
DTXSID9020160,Bifenthrin,82657-04-3,0.004688425,0.9402,0.0598,0.000280368
DTXSID9020112,Atrazine,1912-24-9,0.013052742,0.0345,0.9655,0.012602423
DTXSID8047769,"1,2,3-Trimethylbenzene",526-73-8,0,0.6734,0.3266,0
DTXSID8041246,"1,3-Propanediol",504-63-2,0.020123092,0.0186,0.9814,0.019748803
DTXSID8039241,Benzaldehyde,100-52-7,0.004917373,0.0339,0.9661,0.004750674
DTXSID8035180,Allethrin,584-79-2,0.006611382,0.6953,0.3047,0.002014488
DTXSID8032627,Methoprene,40596-69-8,0.001284207,0.8829,0.1171,0.000150381
DTXSID8027373,"Cyclopenta[g]-2-benzopyran, 1,3,4,6,7,8-hexahydro-4,6,6,7,8,8-hexamethyl-",1222-05-5,0.015322063,0.9168,0.0832,0.001274796
DTXSID8025468,2-Methylbutane,78-78-4,0.2689184,0.9982,0.0018,0.000484053
DTXSID8024315,Myclobutanil,88671-89-0,0.000150393,0.0521,0.9479,0.000142557
DTXSID8024280,Propiconazole,60207-90-1,0,0.1908,0.8092,0
DTXSID8023848,Acetochlor,34256-82-1,0,0.0595,0.9405,0
DTXSID8023846,Acephate,30560-19-1,0.344193977,0.0185,0.9815,0.337826388
DTXSID8022292,Permethrin,52645-53-1,0.06083682,0.9343,0.0657,0.003996979
DTXSID8021482,Acetone,67-64-1,14.30464338,0.0369,0.9631,13.77680204
DTXSID8020913,Naphthalene,91-20-3,1.166365268,0.236,0.764,0.891103065
DTXSID8020597,Ethylene glycol,107-21-1,1.544413067,0.0185,0.9815,1.515841425
DTXSID8020462,Diethylene glycol,111-46-6,7.107764932,0.0185,0.9815,6.976271281
DTXSID8020381,Deltamethrin,52918-63-5,0.062025256,0.9284,0.0716,0.004441008
DTXSID8020250,Carbon tetrachloride,56-23-5,0.005317061,0.9157,0.0843,0.000448228
DTXSID8020204,tert-Butyl alcohol,75-65-0,0.806101899,0.0235,0.9765,0.787158504
DTXSID7041544,"6-Acetyl-1,1,2,4,4,7-hexamethyltetralin",21145-77-7,0.001451535,0.904,0.096,0.000139347
DTXSID7037555,tau-Fluvalinate,102851-06-9,0.007855579,0.9374,0.0626,0.000491759
DTXSID7034549,Dinotefuran,165252-70-0,0.000583328,0.0185,0.9815,0.000572536
DTXSID7032688,Phenothrin,26002-80-2,0.025775407,0.922,0.078,0.002010482
DTXSID7032559,?-Cyhalothrin,91465-08-6,0.00085432,0.9384,0.0616,5.26E-05
DTXSID7024665,Butane,106-97-8,16.44708411,0.9973,0.0027,0.044407127
DTXSID7024245,Pendimethalin,40487-42-1,0,0.8265,0.1735,0
DTXSID7024241,Oxyfluorfen,42874-03-3,0,0.6735,0.3265,0
DTXSID7024035,"2,4-Dichlorophenoxybutyric acid",94-82-6,0,0.1373,0.8627,0
DTXSID7023853,Acifluorfen-sodium,62476-59-9,0,0.0186,0.9814,0
DTXSID7022253,Resmethrin,10453-86-8,0.001607604,0.9267,0.0733,0.000117837
DTXSID7021948,Propoxur,114-26-1,0.011616191,0.0198,0.9802,0.01138619
DTXSID7021780,Diethyl phthalate,84-66-2,0.005421292,0.0292,0.9708,0.00526299
DTXSID7021360,Toluene,108-88-3,11.52572604,0.7277,0.2723,3.138455202
DTXSID7020762,Isopropanol,67-63-0,14.99708198,0.023,0.977,14.6521491
DTXSID7020716,Hydroquinone,123-31-9,0.411264662,0.0186,0.9814,0.40361514
DTXSID7020714,Hydrocortisone,50-23-7,0.001155854,0.0201,0.9799,0.001132621
DTXSID7020637,Formaldehyde,50-00-0,0.14902291,0.0187,0.9813,0.146236182
DTXSID7020479,Dimethoate,60-51-5,0,0.0187,0.9813,0
DTXSID7020182,Bisphenol A,80-05-7,0.094326456,0.0954,0.9046,0.085327712
DTXSID6032649,Tetramethrin,7696-12-0,0.005642925,0.6736,0.3264,0.001841851
DTXSID6032645,Sulfentrazone,122836-35-5,0,0.0189,0.9811,0
DTXSID6032562,Octylbicycloheptenedicarboximide,113-48-4,0.028811213,0.1845,0.8155,0.023495544
DTXSID6026797,"1,3,5-Trimethylbenzene",108-67-8,0.031828316,0.7873,0.2127,0.006769883
DTXSID6026377,Ethane,74-84-0,0,0.9949,0.0051,0
DTXSID6026298,m-Xylene,108-38-3,0.187190919,0.7482,0.2518,0.047134673
DTXSID6024175,Metalaxyl,57837-19-1,0.351323019,0.0205,0.9795,0.344120897
DTXSID6022341,Prometon,1610-18-0,0,0.0561,0.9439,0
DTXSID6022056,"1,3-Dichlorobenzene",541-73-1,0.000609735,0.5605,0.4395,0.000267979
DTXSID6021828,Acetophenone,98-86-2,1.16E-06,0.0257,0.9743,1.13E-06
DTXSID6021793,1-Naphthol,90-15-3,0.09440729,0.046,0.954,0.090064555
DTXSID6021402,"1,2,4-Trimethylbenzene",95-63-6,2.248870884,0.7356,0.2644,0.594601462
DTXSID6021248,Rotenone,83-79-4,0.024681922,0.3483,0.6517,0.016085208
DTXSID6020430,"1,2-Dichlorobenzene",95-50-1,0.012962419,0.4866,0.5134,0.006654906
DTXSID6020301,Chlorodifluoromethane,75-45-6,0.05617671,0.9403,0.0597,0.00335375
DTXSID6020143,Benzoic acid,65-85-0,0.077072213,0.0214,0.9786,0.075422867
DTXSID5039224,Acetaldehyde,75-07-0,0.034380781,0.052,0.948,0.032592981
DTXSID5035957,Cyfluthrin,68359-37-5,0.006801876,0.9193,0.0807,0.000548911
DTXSID5032498,Triclosan,3380-34-5,0.128974658,0.6867,0.3133,0.04040776
DTXSID5032442,Imidacloprid,138261-41-3,0.008677598,0.0186,0.9814,0.008516194
DTXSID5032365,Dichlobenil,1194-65-6,0.00639428,0.0453,0.9547,0.006104619
DTXSID5030955,Camphor,76-22-2,0.012792303,0.0785,0.9215,0.011788107
DTXSID5026837,Isobutyl acetate,110-19-0,0.890752877,0.1858,0.8142,0.725250993
DTXSID5026625,alpha-Terpineol,98-55-5,0,0.0951,0.9049,0
DTXSID5026386,Propane,74-98-6,19.48893898,0.9964,0.0036,0.07016018
DTXSID5025659,Methyl salicylate,119-36-8,0.247424543,0.0787,0.9213,0.227952231
DTXSID5021914,5-Methyl-2-hexanone,110-12-3,0.03622928,0.0932,0.9068,0.032852711
DTXSID5021889,4-Methyl-2-pentanone,108-10-1,0.574512716,0.0828,0.9172,0.526943063
DTXSID5021758,Tris(2-butoxyethyl) phosphate,78-51-3,2.738361853,0.2008,0.7992,2.188498793
DTXSID5021384,Trichlorofluoromethane,75-69-4,0.039353705,0.9742,0.0258,0.001015326
DTXSID5021205,1-Propene,115-07-1,0,0.987,0.013,0
DTXSID5021124,Phenol,108-95-2,0.037488786,0.0198,0.9802,0.036746508
DTXSID5020449,Dichlorvos,62-73-7,0.236404734,0.0199,0.9801,0.23170028
DTXSID5020152,Benzyl alcohol,100-51-6,2.402081274,0.0192,0.9808,2.355961314
DTXSID5020029,Acrylonitrile,107-13-1,1.36E-06,0.0821,0.9179,1.25E-06
DTXSID5020027,Acrylamide,79-06-1,1.04E-05,0.0185,0.9815,1.02E-05
DTXSID4034609,Fipronil,120068-37-3,0.0002172,0.3006,0.6994,0.000151909
DTXSID4032667,Esfenvalerate,66230-04-4,0.071364364,0.929,0.071,0.00506687
DTXSID4029143,2-Methylpentane,107-83-5,0.686252325,0.9985,0.0015,0.001029378
DTXSID4027284,"1,3-Dioxolane",646-06-0,0.184144816,0.0316,0.9684,0.17832584
DTXSID4026214,Triclocarban,101-20-2,0.07158492,0.7428,0.2572,0.018411641
DTXSID4025080,Diisobutyl ketone,108-83-8,0.037558346,0.0867,0.9133,0.034302038
DTXSID4024018,Dicamba,1918-00-9,0.010348767,0.0249,0.9751,0.010091083
DTXSID4022529,Methylparaben,99-76-3,0.497190579,0.0221,0.9779,0.486202667
DTXSID4021975,Diphenylamine,122-39-4,0,0.1316,0.8684,0
DTXSID4021923,Cyclohexane,110-82-7,0.359048893,0.9838,0.0162,0.005816592
DTXSID4021767,Methyl acetate,79-20-9,2.684123916,0.0729,0.9271,2.488451282
DTXSID4021426,Urea,57-13-6,5.506519669,0.0185,0.9815,5.404649055
DTXSID4021395,Trifluralin,1582-09-8,0,0.8603,0.1397,0
DTXSID4021268,Simazine,122-34-9,0.001406324,0.0245,0.9755,0.001371869
DTXSID4020791,Malathion,121-75-5,0.593744626,0.0276,0.9724,0.577357274
DTXSID4020533,"1,4-Dioxane",123-91-1,0.040261271,0.0212,0.9788,0.039407732
DTXSID4020458,Chlorpyrifos,2921-88-2,0.036774985,0.7641,0.2359,0.008675219
DTXSID4020298,Chlorobenzene,108-90-7,0,0.5663,0.4337,0
DTXSID4020240,Caprolactam,105-60-2,0,0.0187,0.9813,0
DTXSID3042219,Propylbenzene,103-65-1,0,0.8226,0.1774,0
DTXSID3039242,Benzene,71-43-2,0.036079812,0.6894,0.3106,0.011206389
DTXSID3024075,Diquat dibromide,85-00-7,0,0.0185,0.9815,0
DTXSID3023897,Triadimefon,43121-43-3,0,0.0415,0.9585,0
DTXSID3022455,Dimethyl phthalate,131-11-3,0.83731392,0.0202,0.9798,0.820400179
DTXSID3022405,2-Hydroxy-4-methoxybenzophenone,131-57-7,0.79668038,0.2147,0.7853,0.625633102
DTXSID3022401,Cholesterol,57-88-5,0.005727096,0.9403,0.0597,0.000341908
DTXSID3021986,Tributyl phosphate,126-73-8,0,0.3011,0.6989,0
DTXSID3021807,o-Xylene,95-47-6,0.040224224,0.6845,0.3155,0.012690743
DTXSID3021720,Diethyl ether,60-29-7,0,0.3484,0.6516,0
DTXSID3021516,Methyl ethyl ketone,78-93-3,2.158649892,0.0475,0.9525,2.056114022
DTXSID3021431,Vinyl acetate,108-05-4,0.046721295,0.1994,0.8006,0.037405068
DTXSID3020596,Ethylbenzene,100-41-4,0.582927141,0.7637,0.2363,0.137745683
DTXSID3020209,Butylparaben,94-26-8,0.258582411,0.1472,0.8528,0.22051908
DTXSID3020205,Benzyl butyl phthalate,85-68-7,0.401657096,0.6736,0.3264,0.131100876
DTXSID3020203,"1,3-Butadiene",106-99-0,0.00054609,0.9662,0.0338,1.85E-05
DTXSID2034962,Thiamethoxam,153719-23-4,0.00272367,0.0187,0.9813,0.002672737
DTXSID2025846,Pentane,109-66-0,0.688048049,0.998,0.002,0.001376096
DTXSID2025478,Isopropyl acetate,108-21-4,0.001371457,0.1324,0.8676,0.001189876
DTXSID2021995,DEET,134-62-3,0.853772474,0.0245,0.9755,0.832855048
DTXSID2021868,p-Xylene,106-42-3,0.037851947,0.74,0.26,0.009841506
DTXSID2021781,Dibutyl phthalate,84-74-2,0.161121352,0.5606,0.4394,0.070796722
DTXSID2021731,Methanol,67-56-1,4.920196521,0.021,0.979,4.816872394
DTXSID2021602,Hexadecanoic acid,57-10-3,1.352110796,0.9391,0.0609,0.082343547
DTXSID2021319,Tetrachloroethylene,127-18-4,2.425895018,0.8791,0.1209,0.293290708
DTXSID2021284,Styrene,100-42-5,0.031043759,0.5406,0.4594,0.014261503
DTXSID2021159,Phthalic anhydride,85-44-9,0.0008985,0.0201,0.9799,0.000880441
DTXSID2021151,2-Phenylphenol,90-43-7,0.099446156,0.0659,0.9341,0.092892655
DTXSID2020844,Methyl methacrylate,80-62-6,0.570347345,0.1455,0.8545,0.487361806
DTXSID1034210,Prodiamine,29091-21-2,0,0.3486,0.6514,0
DTXSID1032690,Indoxacarb,173584-44-6,0.000875038,0.6362,0.3638,0.000318339
DTXSID1032648,Z-Tetrachlorvinphos,22248-79-9,0.003316163,0.1373,0.8627,0.002860854
DTXSID1032640,Pyriproxyfen,95737-68-1,0.003775311,0.8888,0.1112,0.000419815
DTXSID1026401,Isobutane,75-28-5,29.58758254,0.9978,0.0022,0.065092682
DTXSID1025564,Dimethoxymethane,109-87-5,0.126249499,0.0955,0.9045,0.114192672
DTXSID1025308,Ethyl methacrylate,97-63-2,0.000945094,0.2174,0.7826,0.000739631
DTXSID1024097,2-Butoxyethanol,111-76-2,6.330277942,0.0196,0.9804,6.206204494
DTXSID1022265,Alachlor,15972-60-8,0,0.1349,0.8651,0
DTXSID1022001,Ethyl acetate,141-78-6,2.742268299,0.0807,0.9193,2.520967247
DTXSID1021952,Triphenyl phosphate,115-86-6,0.000484446,0.6071,0.3929,0.000190339
DTXSID1021827,Cumene,98-82-8,0.3177221,0.8338,0.1662,0.052805413
DTXSID1021740,1-Butanol,71-36-3,0.268590626,0.0236,0.9764,0.262251887
DTXSID1021328,Tetrahydrofuran,109-99-9,0.305705913,0.0538,0.9462,0.289258935
DTXSID1021166,Piperonyl butoxide,51-03-6,0.019881925,0.6823,0.3177,0.006316488
DTXSID1020930,Nicotine,54-11-5,0,0.0191,0.9809,0
DTXSID1020778,D-Limonene,5989-27-5,7.61556237,0.9442,0.0558,0.42494838
DTXSID1020431,"1,4-Dichlorobenzene",106-46-7,12.00495309,0.5348,0.4652,5.584704177
DTXSID0047749,Methylcyclohexane,108-87-2,0.002540203,0.9944,0.0056,1.42E-05
DTXSID0040701,Triethyl citrate,77-93-0,0.024802078,0.0186,0.9814,0.024340759
DTXSID0034803,Penoxsulam,219714-96-2,0,0.0529,0.9471,0
DTXSID0032316,"4-Chloro-3,5-dimethylphenol",88-04-0,1.097927539,0.088,0.912,1.001309916
DTXSID0027195,Hexadecane,544-76-3,0.377072602,0.9434,0.0566,0.021342309
DTXSID0024050,"1,1-Difluoroethane",75-37-6,6.196965498,0.8878,0.1122,0.695299529
DTXSID0022432,Chrysene,218-01-9,0.001863758,0.9115,0.0885,0.000164943
DTXSID0022018,Disulfoton,298-04-4,0.029338981,0.3105,0.6895,0.020229227
DTXSID0021961,Benzophenone,119-61-9,0.328720803,0.0765,0.9235,0.303573662
DTXSID0021917,n-Hexane,110-54-3,1.575808243,0.9987,0.0013,0.002048551
DTXSID0021759,2-Methyl-1-propanol,78-83-1,0.055351576,0.0241,0.9759,0.054017603
DTXSID0021541,Chloromethane,74-87-3,9.77E-05,0.7766,0.2234,2.18E-05
DTXSID0021389,Trichlorfon,52-68-6,0.002208305,0.0186,0.9814,0.002167231
DTXSID0021385,Folpet,133-07-3,0.031914598,0.046,0.954,0.030446526
DTXSID0021383,Trichloroethylene,79-01-6,0.75962685,0.7958,0.2042,0.155115803
DTXSID0021381,"1,1,1-Trichloroethane",71-55-6,0.265255749,0.871,0.129,0.034217992
DTXSID0021337,Thiabendazole,148-79-8,5.489795528,0.0301,0.9699,5.324552683
DTXSID0021206,"1,2-Propylene glycol",57-55-6,23.70380142,0.0185,0.9815,23.2652811
DTXSID0020868,Dichloromethane,75-09-2,11.5578022,0.5691,0.4309,4.980256967
DTXSID0020606,Bis(2-ethylhexyl)hexanedioate,103-23-1,0,0.9402,0.0598,0
DTXSID0020446,Diuron,330-54-1,0.008121301,0.0373,0.9627,0.007818376
DTXSID0020442,"2,4-Dichlorophenoxyacetic acid",94-75-7,0,0.0437,0.9563,0
DTXSID0020440,Dichlorprop,120-36-5,0,0.0185,0.9815,0
DTXSID0020319,Chlorothalonil,1897-45-6,0.373772599,0.0624,0.9376,0.350449189
DTXSID0020232,Caffeine,58-08-2,0.017108702,0.0185,0.9815,0.016792191
DTXSID9052476,Guanine,73-40-5,0.002265415,0.0185,0.9815,0.002223505
DTXSID9051454,3-Methylstyrene,100-80-1,0.041325108,0.5819,0.4181,0.017278028
DTXSID9047629,2-Methylundecanal,110-41-8,0,0.7766,0.2234,0
DTXSID9047546,"1,3,5-Undecatriene",16356-11-9,0.00082651,0.9878,0.0122,1.01E-05
DTXSID9047419,5-Methyl-2-phenyl-2-hexenal,21834-92-4,0,0.21,0.79,0
DTXSID9047093,Methyl 2-octynoate,111-12-6,0,0.0815,0.9185,0
DTXSID9044829,"1-(4-tert-Butylphenyl)-3-(4-methoxyphenyl)propane-1,3-dione",70356-09-1,0.459427743,0.5655,0.4345,0.199621355
DTXSID9044827,Propylene glycol diacetate,623-84-7,11.07402341,0.0188,0.9812,10.86583177
DTXSID9044748,(1-Hydroxycyclohexyl)(phenyl)methanone,947-19-3,9.77E-05,0.0309,0.9691,9.47E-05
DTXSID9044459,Bromcresol green,76-60-8,0,0.9401,0.0599,0
DTXSID9043855,2-Amino-6-chloro-4-nitrophenol,9/4/6358,0.04672826,0.0198,0.9802,0.04580304
DTXSID9041491,3-Phenyl-2-propen-1-ol,104-54-1,8.24E-05,0.0221,0.9779,8.06E-05
DTXSID9040710,Octamethyltrisiloxane,107-51-7,0.376315159,0.996,0.004,0.001505261
DTXSID9040685,Minoxidil,38304-91-5,0.002676678,0.0192,0.9808,0.002625285
DTXSID9040635,"2,2'-Bipyridine",366-18-7,5.57E-06,0.0197,0.9803,5.46E-06
DTXSID9036690,Diisobutyl adipate,141-04-8,0.150290472,0.3945,0.6055,0.091000881
DTXSID9036646,"1,2-Octanediol",1117-86-8,0.16080074,0.0207,0.9793,0.157472165
DTXSID9036438,Bumetrizole,11/5/3896,4.54E-05,0.8888,0.1112,5.05E-06
DTXSID9035753,Ethyl 3-(N-butylacetamido)propionate,52304-36-6,0.035691692,0.0198,0.9802,0.034984996
DTXSID9034286,5-Chloro-2-methyl-3(2H)-isothiazolone,26172-55-4,1.853156694,0.0185,0.9815,1.818873295
DTXSID9029649,"1,3-Benzenedimethanamine",1477-55-0,0.225368704,0.0185,0.9815,0.221199383
DTXSID9027570,"3,4-Dihydro-2-methoxy-2H-pyran",5/1/4454,0,0.1416,0.8584,0
DTXSID9027312,1-Phenoxy-2-propanol,770-35-4,2.393683574,0.0202,0.9798,2.345331166
DTXSID9027104,"Hexadecanoic acid, 1-methylethyl ester",142-91-6,0.618309099,0.9406,0.0594,0.03672756
DTXSID9027077,Diethylenetriaminepentaacetic acid pentasodium salt,140-01-2,1.459702335,0.0185,0.9815,1.432697842
DTXSID9026926,1-Tetradecanol,112-72-1,0.063657725,0.923,0.077,0.004901645
DTXSID9026922,Tetraethylene glycol,112-60-7,0,0.0185,0.9815,0
DTXSID9026710,1-Methoxy-4-methylbenzene,104-93-8,0,0.6546,0.3454,0
DTXSID9026500,2-(4-Tert-Butylbenzyl)propionaldehyde,80-54-6,0.10315288,0.4868,0.5132,0.052938058
DTXSID9026342,2-Phenylethanol,60-12-8,0.020947235,0.0195,0.9805,0.020538764
DTXSID9025580,Prop-2-en-1-yl (3-methylbutoxy)acetate,67634-00-8,0,0.0568,0.9432,0
DTXSID9025453,3-Methylbutyl acetate,123-92-2,0.019633946,0.2234,0.7766,0.015247723
DTXSID9025451,"4-(2,6,6-Trimethyl-cyclohex-1-enyl)-but-3-en-2-one",14901-07-6,0.000832703,0.2605,0.7395,0.000615784
DTXSID9025401,"1,6-Hexanediol diacrylate",13048-33-4,0,0.0643,0.9357,0
DTXSID9025299,"2-Ethylhexyl-2-cyano-3,3-diphenylacrylate",6197-30-4,0.468304873,0.9378,0.0622,0.029128563
DTXSID9025297,2-Ethylhexyl acrylate,103-11-7,0.180054521,0.4305,0.5695,0.10254105
DTXSID9025293,2-Ethylhexanoic acid,149-57-5,0.147372839,0.0372,0.9628,0.14189057
DTXSID9025112,"2,3-Dimethylbutane",79-29-8,0.118702945,0.9979,0.0021,0.000249276
DTXSID9025085,Diisopropylamine,108-18-9,0.002639436,0.0658,0.9342,0.002465761
DTXSID9025035,7-Diethylamino-4-methylcoumarin,91-44-1,0.020718834,0.0808,0.9192,0.019044752
DTXSID9024699,tert-Butyl perbenzoate,614-45-9,0.028816475,0.1333,0.8667,0.024975239
DTXSID9024489,5-Amino-2-methylphenol,2835-95-2,0.049481528,0.0187,0.9813,0.048556224
DTXSID9023702,Triethylenetetramine,112-24-3,0.054051559,0.0185,0.9815,0.053051605
DTXSID9022528,Ethylparaben,120-47-8,0.310123166,0.0301,0.9699,0.300788459
DTXSID9021976,2-Phenoxyethanol,122-99-6,7.234757369,0.0191,0.9809,7.096573504
DTXSID9021847,Diphenyl oxide,101-84-8,0,0.4573,0.5427,0
DTXSID9021392,Triethanolamine,102-71-6,14.78245204,0.0185,0.9815,14.50897668
DTXSID9021348,Thiourea,62-56-6,1.489611224,0.0185,0.9815,1.462053417
DTXSID9021130,1-Phenyl-3-methyl-5-pyrazolone,89-25-8,0.029391572,0.0328,0.9672,0.028427528
DTXSID9020821,(+/-)-Methionine,59-51-8,0.002830401,0.0185,0.9815,0.002778039
DTXSID9020667,Glycine,56-40-6,0.020705244,0.0185,0.9815,0.020322197
DTXSID9020663,Glycerol,56-81-5,38.972888,0.0185,0.9815,38.25188957
DTXSID9020617,Eugenol,97-53-0,0.124981142,0.027,0.973,0.121606651
DTXSID9020584,Ethanol,64-17-5,64.29940225,0.0213,0.9787,62.92982499
DTXSID9020538,"N,N'-Diphenyl-p-phenylenediamine",74-31-7,0,0.3192,0.6808,0
DTXSID9020087,(E)-Anethole,4180-23-8,0.020400589,0.5145,0.4855,0.009904486
DTXSID8052647,3-Methylpentane,96-14-0,0.090617947,0.9986,0.0014,0.000126865
DTXSID8047426,dl-Carvone,99-49-0,0,0.0756,0.9244,0
DTXSID8047399,"Dihydro-1,1,2,3,3-pentamethyl-4(5H)-indanone",33704-61-9,0.080140359,0.5733,0.4267,0.034195891
DTXSID8045779,Cysteamine hydrochloride,156-57-0,0.001962282,0.0185,0.9815,0.00192598
DTXSID8044755,Prop-2-en-1-yl 3-cyclohexylpropanoate,2705-87-5,1.614310596,0.5754,0.4246,0.685436279
DTXSID8044389,3-Methoxy-3-methylbutan-1-ol,56539-66-3,0,0.0186,0.9814,0
DTXSID8044385,(2E)-3-Phenylprop-2-enenitrile,1885-38-7,0,0.0234,0.9766,0
DTXSID8040698,Triisobutyl phosphate,126-71-6,0.000966369,0.1565,0.8435,0.000815132
DTXSID8035217,"1,3-Dimethylol-5,5-dimethylhydantoin",6440-58-0,0.583999847,0.0185,0.9815,0.57319585
DTXSID8035001,10-Undecenoic acid,112-38-9,1.45E-06,0.2418,0.7582,1.10E-06
DTXSID8034669,Imiprothrin,72963-72-5,0.006291075,0.0492,0.9508,0.005981554
DTXSID8034372,Cloransulam-methyl,147150-35-4,0,0.0381,0.9619,0
DTXSID8034241,"2,4-D, isopropylamine salt",5742-17-6,0,0.0437,0.9563,0
DTXSID8032623,Indole-3-butyric acid,133-32-4,0,0.0264,0.9736,0
DTXSID8032544,"Dipropyl 2,5-pyridinedicarboxylate",136-45-8,0.033491042,0.1472,0.8528,0.02856116
DTXSID8029650,Menthol,1490-04-6,0.449017404,0.0892,0.9108,0.408965051
DTXSID8029317,"1,1,5-Trimethyl-6-heptenol",18479-58-8,0.092928566,0.1415,0.8585,0.079779174
DTXSID8029234,Dihydromyrcene,2436-90-0,0,0.9976,0.0024,0
DTXSID8029157,2-(Phenylmethylene)-heptanal,122-40-7,0.247312031,0.471,0.529,0.130828064
DTXSID8029153,Benzyl benzoate,120-51-4,0.151122617,0.2872,0.7128,0.107720202
DTXSID8027959,1-[(1-Butoxy-2-propanyl)oxy]-2-propanol,29911-28-2,12.5259147,0.019,0.981,12.28792232
DTXSID8027797,Tetraethylene glycol di(2-ethylhexanoate),18268-70-7,0.345968788,0.8572,0.1428,0.049404343
DTXSID8027589,1-Butoxy-2-propanol,5131-66-8,7.579826509,0.0189,0.9811,7.436567788
DTXSID8027246,2-Pyrrolidinone,616-45-5,0,0.0185,0.9815,0
DTXSID8027113,"2,2,4-Trimethyl-1,3-pentanediol",144-19-4,0.08973479,0.0192,0.9808,0.088011882
DTXSID8027032,2-Amino-2-methylpropan-1-ol,124-68-5,1.813917957,0.0185,0.9815,1.780360475
DTXSID8026935,1-Octadecanol,112-92-5,1.731373483,0.94,0.06,0.103882409
DTXSID8026773,"1,3-Butanediol",107-88-0,0.787720186,0.0185,0.9815,0.773147363
DTXSID8026725,12-Hydroxyoctadecanoic acid,106-14-9,0.005258519,0.933,0.067,0.000352321
DTXSID8026141,Thioglycolic acid,68-11-1,0.000961713,0.0185,0.9815,0.000943921
DTXSID8025967,1-tert-Butoxy-2-propanol,57018-52-7,0.391356892,0.0188,0.9812,0.383999383
DTXSID8025886,Ethyl 3-phenylglycidate,121-39-1,0,0.0326,0.9674,0
DTXSID8025096,Dimethyl adipate,627-93-0,4.085217575,0.0202,0.9798,4.00269618
DTXSID8024993,Troclosene,2782-57-2,0,0.0192,0.9808,0
DTXSID8024862,o-Cresyl glycidyl ether,2210-79-9,0.189340791,0.0246,0.9754,0.184683007
DTXSID8024652,Bronopol,52-51-7,0.043695069,0.0185,0.9815,0.04288671
DTXSID8024284,1-Methoxy-2-propanol,107-98-2,5.613655031,0.019,0.981,5.506995586
DTXSID8024159,Isoxaben,82558-50-7,0,0.274,0.726,0
DTXSID8022666,Betaine,107-43-7,0.038324002,0.0185,0.9815,0.037615008
DTXSID8022408,Phenol red,143-74-8,0,0.0586,0.9414,0
DTXSID8022406,"2,4-Dihydroxybenzophenone",131-56-6,0.01507931,0.0536,0.9464,0.014271059
DTXSID8021931,1-Hexanol,111-27-3,0,0.032,0.968,0
DTXSID8021804,Benzocaine,94-09-7,0.130778835,0.0214,0.9786,0.127980168
DTXSID8021771,4-(2-Methylbutan-2-yl)phenol,80-46-6,0.021748363,0.262,0.738,0.016050292
DTXSID8021642,Octadecanoic acid,57-11-4,11.80512081,0.9402,0.0598,0.705946224
DTXSID8021519,2-(2-Butoxyethoxy)ethanol,112-34-5,11.20648029,0.0186,0.9814,10.99803976
DTXSID8020969,Nitroethane,79-24-3,0.056398584,0.0431,0.9569,0.053967805
DTXSID8020591,Ethyl methylphenylglycidate,77-83-8,0,0.057,0.943,0
DTXSID8020179,Diisopropanolamine,110-97-4,0,0.0185,0.9815,0
DTXSID7052101,"2,2,4,4,6,8,8-Heptamethylnonane",4/9/4390,0.108755741,0.9938,0.0062,0.000674286
DTXSID7045788,Naphazoline hydrochloride,550-99-2,9.77E-06,0.0189,0.9811,9.58E-06
DTXSID7044922,1-(2-Hydroxyethyl)pyrrolidin-2-one,11/2/3445,0,0.0185,0.9815,0
DTXSID7044392,2-Methoxynaphthalene,93-04-9,0,0.2253,0.7747,0
DTXSID7043908,"3-(3,4-Methylenedioxyphenyl)-2-methylpropanal",1205-17-0,0.111188201,0.057,0.943,0.104850474
DTXSID7042190,"N,N-Dimethyldecylamine oxide",2605-79-0,0,0.1813,0.8187,0
DTXSID7041413,R-(-)-Carvone,6485-40-1,0.019608531,0.0756,0.9244,0.018126126
DTXSID7040734,2-Ethylhexyl salicylate,118-60-5,0.81138271,0.9203,0.0797,0.064667202
DTXSID7038864,"2,2'-Methylenebis(ethyl-6-tert-butylphenol)",88-24-4,0,0.9403,0.0597,0
DTXSID7032345,Chlorhexidine diacetate,56-95-1,0.007788962,0.0185,0.9815,0.007644866
DTXSID7031290,Isocyclemone E,54464-57-2,2.387507748,0.8348,0.1652,0.39441628
DTXSID7029871,Clotrimazole,23593-75-1,0.000927808,0.9299,0.0701,6.50E-05
DTXSID7029611,Triethylene glycol dibenzoate,120-56-9,0.040024284,0.0415,0.9585,0.038363276
DTXSID7029320,2-Ethylhexyl 4-(dimethylamino)benzoate,21245-02-3,0.08023416,0.9088,0.0912,0.007317355
DTXSID7029162,"3-Bromo-1-chloro-5,5-dimethylhydantoin",126-06-7,4.794166118,0.0189,0.9811,4.703556379
DTXSID7029160,Glycerol 1-monostearate,123-94-4,1.274964564,0.9358,0.0642,0.081852725
DTXSID7029110,"3,7-Dimethyl-3-octanol",78-69-3,0.008175586,0.1773,0.8227,0.006726055
DTXSID7027625,Bis(2-ethylhexyl) terephthalate,6422-86-2,0.120738854,0.9403,0.0597,0.00720811
DTXSID7027205,Octamethylcyclotetrasiloxane,556-67-2,0.930832191,0.9547,0.0453,0.042166698
DTXSID7027049,beta-Pinene,127-91-3,0.000989779,0.9869,0.0131,1.30E-05
DTXSID7027043,Potassium acetate,127-08-2,0,0.0185,0.9815,0
DTXSID7027041,"2,4,7,9-Tetramethyl-5-decyne-4,7-diol",126-86-3,0.045851936,0.158,0.842,0.03860733
DTXSID7026946,Linalyl acetate,115-95-7,0.012201791,0.5406,0.4594,0.005605503
DTXSID7026863,"1,1'-Oxybis-2-propanol",110-98-5,1.522115203,0.0185,0.9815,1.493956072
DTXSID7026441,"2,2-Dimethoxypropane",77-76-9,0,0.0628,0.9372,0
DTXSID7026368,Salicylic acid,69-72-7,1.763697319,0.0257,0.9743,1.718370298
DTXSID7026235,Trimellitic anhydride,552-30-7,0.103024725,0.022,0.978,0.100758181
DTXSID7026156,"Toluene-2,4-diisocyanate",584-84-9,0.16382706,0.2019,0.7981,0.130750377
DTXSID7026108,Tetraethylenepentamine,112-57-2,0.134908802,0.0185,0.9815,0.132412989
DTXSID7026029,Sodium dehydroacetate,4418-26-2,0.008948018,0.0185,0.9815,0.008782479
DTXSID7025924,Piperonal,120-57-0,0.072140634,0.0192,0.9808,0.070755534
DTXSID7025502,Linalool,78-70-6,3.103500642,0.0654,0.9346,2.9005317
DTXSID7025423,N-(Hydroxyethyl)ethylenediamine,111-41-1,0.047585707,0.0185,0.9815,0.046705372
DTXSID7025394,Triazinetriethanol,4/4/4719,0.17843144,0.0185,0.9815,0.175130459
DTXSID7025180,"4,4'-Diphenylmethane diisocyanate",101-68-8,0.193260668,0.8356,0.1644,0.031772054
DTXSID7025055,Bis(2-ethylhexyl) decanedioate,122-62-3,0,0.9404,0.0596,0
DTXSID7024956,"N,N'-Bis(1-methylpropyl)-1,4-benzenediamine",101-96-2,0,0.1303,0.8697,0
DTXSID7024873,Cyanuric acid,108-80-5,0,0.022,0.978,0
DTXSID7024821,1-Chloro-4-(trifluoromethyl)benzene,98-56-6,0.831962675,0.9353,0.0647,0.053827985
DTXSID7024370,"2,2,4-Trimethylpentane",540-84-1,0.072847635,0.9993,0.0007,5.10E-05
DTXSID7024166,"2,5-Furandione",108-31-6,0,0.0223,0.9777,0
DTXSID7023192,Lactic acid,50-21-5,6.133522758,0.0185,0.9815,6.020052587
DTXSID7022413,Isoeugenol,97-54-1,8.31E-05,0.0606,0.9394,7.81E-05
DTXSID7022128,2-Hydroxyethyl methacrylate,868-77-9,0.084521574,0.0187,0.9813,0.082941021
DTXSID7021863,Diethyl propanedioate,105-53-3,0,0.02,0.98,0
DTXSID7021605,Hexanedioic acid,124-04-9,14.65697396,0.0185,0.9815,14.38581995
DTXSID7021520,2-[2-(2-Butoxyethoxy)ethoxy]ethanol,143-22-6,0.003911702,0.0185,0.9815,0.003839336
DTXSID7021233,FD&C Red 3,16423-68-0,0.017501694,0.0185,0.9815,0.017177912
DTXSID7020348,Coumarin,91-64-5,0.184048403,0.0195,0.9805,0.180459459
DTXSID6047153,Glycolic acid sodium salt,2836-32-0,0.007621466,0.0185,0.9815,0.007480469
DTXSID6047078,(S)-Limonene,5989-54-8,0.081120163,0.9442,0.0558,0.004526505
DTXSID6044804,N-(2-Hydroxyethyl)acetamide,142-26-7,0.376950186,0.0185,0.9815,0.369976608
DTXSID6044567,3-(4-Methoxyphenyl)-2-methylpropanal,6/6/5462,0.088672741,0.0336,0.9664,0.085693337
DTXSID6044359,Pentadecan-15-olide,106-02-5,0.011929555,0.9278,0.0722,0.000861314
DTXSID6042238,Octyl salicylate,6969-49-9,0.103795635,0.9232,0.0768,0.007971505
DTXSID6042232,Hydroxycitronellal,107-75-5,0.009760994,0.0236,0.9764,0.009530634
DTXSID6042151,Methyl cinnamate,103-26-4,0.000804683,0.0353,0.9647,0.000776277
DTXSID6041638,3-Phenyl-1-propanol,122-97-4,0,0.0216,0.9784,0
DTXSID6041424,"2,6-Dimethyl-2-heptanol",13254-34-7,0,0.0873,0.9127,0
DTXSID6040117,Ethyl formate,109-94-4,0,0.1646,0.8354,0
DTXSID6040111,Ethyl butyrate,105-54-4,0.019515108,0.1707,0.8293,0.016183879
DTXSID6035156,2-Phenylethyl propionate,122-70-3,0.060875604,0.0647,0.9353,0.056936953
DTXSID6034972,Thymol,89-83-8,0.005685238,0.0925,0.9075,0.005159354
DTXSID6034689,(S)-2-Hydroxypropionic acid,79-33-4,3.002262271,0.0185,0.9815,2.946720419
DTXSID6032641,Quinclorac,84087-01-4,0,0.0544,0.9456,0
DTXSID6032516,2-Hydroxyethyl octyl sulfide,3547-33-9,0,0.1664,0.8336,0
DTXSID6029127,Ethyl lactate,97-64-3,1.062355492,0.0188,0.9812,1.042383209
DTXSID6027921,Di(propylene glycol) dibenzoate,27138-31-4,0.189635413,0.249,0.751,0.142416195
DTXSID6027503,Isophorone diamine,2855-13-2,0.195872491,0.0216,0.9784,0.191641645
DTXSID6027341,2-(2-Aminoethoxy)ethanol,929-06-6,0.0052407,0.0185,0.9815,0.005143747
DTXSID6027268,Pentadecane,629-62-9,0.139793327,0.9892,0.0108,0.001509768
DTXSID6027185,Hexamethylcyclotrisiloxane,541-05-9,0,0.9703,0.0297,0
DTXSID6026878,"2,2'-Thiobisethanol",111-48-8,0,0.0185,0.9815,0
DTXSID6026612,Isobutyl isobutyrate,97-85-8,0.013114783,0.2836,0.7164,0.009395431
DTXSID6025567,Methyl 2-aminobenzoate,134-20-3,0,0.0225,0.9775,0
DTXSID6025355,Glutaraldehyde,111-30-8,0.059508456,0.0185,0.9815,0.058407549
DTXSID6024917,Diacetone alcohol,123-42-2,0.004005858,0.0186,0.9814,0.003931349
DTXSID6024836,"3,7-Dimethyl-2,6-octadienal",5392-40-5,1.544870555,0.1386,0.8614,1.330751496
DTXSID6024624,Bisphenol A diglycidyl ether,1675-54-3,0,0.2333,0.7667,0
DTXSID6024591,Benzoyl peroxide,94-36-0,9.042340198,0.1232,0.8768,7.928323885
DTXSID6024127,Heptane,142-82-5,7.404575626,0.9991,0.0009,0.006664118
DTXSID6023602,Butanedioic acid,110-15-6,0.138027562,0.0185,0.9815,0.135474052
DTXSID6023028,Etidronic acid,2809-21-4,0,0.0185,0.9815,0
DTXSID6022977,Ethylenediaminetetraacetic acid,60-00-4,1.041513878,0.0185,0.9815,1.022245871
DTXSID6022000,Ethanolamine,141-43-5,30.80998424,0.0185,0.9815,30.23999953
DTXSID6021901,Propyl acetate,109-60-4,0.167388674,0.1122,0.8878,0.148607665
DTXSID6021741,1-Pentanol,71-41-0,0.0202841,0.0269,0.9731,0.019738458
DTXSID6021666,Tetradecanoic acid,544-63-8,1.300083977,0.9257,0.0743,0.096596239
DTXSID6020856,N-Methyl-2-pyrrolidone,872-50-4,6.508162634,0.0185,0.9815,6.387761625
DTXSID6020802,Melamine,108-78-1,0,0.0185,0.9815,0
DTXSID6020569,"1,2-Epoxybutane",106-88-7,0.00344818,0.0983,0.9017,0.003109224
DTXSID6020511,"3,3'-Dimethylbenzidine dihydrochloride",612-82-8,0,0.0185,0.9815,0
DTXSID6020359,Cyclohexanone,108-94-1,0.191136798,0.0237,0.9763,0.186606856
DTXSID6020224,4-Butyrolactone,96-48-0,0.316087111,0.0185,0.9815,0.310239499
DTXSID6020220,tert-Butylhydroquinone,1948-33-0,0.002190147,0.0521,0.9479,0.00207604
DTXSID6020193,HC Blue 2,33229-34-4,0.04668203,0.0205,0.9795,0.045725049
DTXSID6020014,Dehydroacetic acid,520-45-6,0.040293285,0.0187,0.9813,0.039539801
DTXSID5052256,2-Methylhexane,591-76-4,0.009076972,0.9993,0.0007,6.35E-06
DTXSID5051442,Tributyl citrate,77-94-1,0.006702628,0.0891,0.9109,0.006105424
DTXSID5044817,"3-(5,5,6-Trimethylbicyclo[2.2.1]hept-2-yl)cyclohexanol",3407-42-9,0.004122145,0.8828,0.1172,0.000483115
DTXSID5044574,"2,4-Dimethyl-3-cyclohexene-1-carboxaldehyde",68039-49-6,0.001799372,0.1378,0.8622,0.001551419
DTXSID5044495,4-(4-Hydroxyphenyl)butan-2-one,5471-51-2,0.019984278,0.0197,0.9803,0.019590588
DTXSID5044360,"3,7-Dimethyloctan-1-ol",106-21-8,0,0.188,0.812,0
DTXSID5041306,"2,2',4,4'-Tetrahydroxybenzophenone",131-55-5,0.000678835,0.042,0.958,0.000650324
DTXSID5038830,"1,1-Dimethyl-2-phenylethyl butanoate",10094-34-5,0,0.5254,0.4746,0
DTXSID5032654,Triforine,26644-46-2,6.665771498,0.0248,0.9752,6.500460365
DTXSID5032579,Triclopyr butotyl,64700-56-7,0,0.3052,0.6948,0
DTXSID5032523,"1,2-Benzisothiazolin-3-one",2634-33-5,2.174829851,0.0186,0.9814,2.134378015
DTXSID5029762,2-[4-(Dibutylamino)-2-hydroxybenzoyl]benzoic acid,54574-82-2,8.41E-05,0.908,0.092,7.74E-06
DTXSID5029217,1-Propoxy-2-propanol,1569-01-3,11.04891986,0.0186,0.9814,10.84340995
DTXSID5027774,Ethylenediaminetetraacetic acid ferric sodium salt,15708-41-5,0.003575268,0.0185,0.9815,0.003509125
DTXSID5027641,Diisopropyl adipate,6938-94-9,0.092170336,0.0786,0.9214,0.084925748
DTXSID5027512,Bis[2-(dimethylamino)ethyl]ether,3033-62-3,0.033055849,0.0185,0.9815,0.032444316
DTXSID5027489,Trimethoxy[3-(oxiran-2-ylmethoxy)propyl]silane,2530-83-8,0.016580872,0.0185,0.9815,0.016274126
DTXSID5027433,"N-[3-(Trimethoxysilyl)propyl]ethane-1,2-diamine",1760-24-3,0.016075338,0.0185,0.9815,0.015777944
DTXSID5026918,1-Dodecanol,112-53-8,0.327667698,0.8148,0.1852,0.060684058
DTXSID5026912,2-[2-(2-Methoxyethoxy)ethoxy]ethanol,112-35-6,0.003853974,0.0185,0.9815,0.003782675
DTXSID5026881,2-Hydroxyethyl octadecanoate,111-60-4,0.639998597,0.9393,0.0607,0.038847915
DTXSID5026548,"2,4,6-Tris(dimethylaminomethyl)phenol",90-72-2,0.183244014,0.0187,0.9813,0.17981735
DTXSID5026259,Tris(2-chloroisopropyl)phosphate,13674-84-5,0.029681418,0.0338,0.9662,0.028678186
DTXSID5025819,Dibenzyl ether,103-50-4,0.02466413,0.0971,0.9029,0.022269243
DTXSID5025572,Methyl benzoate,93-58-3,1.2161814,0.0407,0.9593,1.166682817
DTXSID5025491,"N,N-Bis(2-hydroxyethyl)dodecanamide",120-40-1,1.019953164,0.0486,0.9514,0.97038344
DTXSID5025152,Dimethyl succinate,106-65-0,5.923010318,0.0186,0.9814,5.812842326
DTXSID5025102,3-(Dimethylamino)propylamine,109-55-7,0.153917861,0.0185,0.9815,0.151070381
DTXSID5025021,Dicyclohexyl phthalate,84-61-7,0,0.9284,0.0716,0
DTXSID5024394,Acetic acid,64-19-7,2.184110891,0.0185,0.9815,2.143704839
DTXSID5024182,2-Methoxyethanol,109-86-4,0,0.0187,0.9813,0
DTXSID5024057,Dimethylamine,124-40-3,0,0.0281,0.9719,0
DTXSID5023873,Ammonium acetate,631-61-8,0.239753602,0.0185,0.9815,0.23531816
DTXSID5022437,Nordihydroguaiaretic acid,500-38-9,0.366552596,0.6314,0.3686,0.135111287
DTXSID5021916,2-Heptanone,110-43-0,0.399807604,0.0973,0.9027,0.360906324
DTXSID5021885,"2-Methyl-2,4-pentanediol",107-41-5,3.719195717,0.0188,0.9812,3.649274838
DTXSID5021881,Ethylenediamine,107-15-3,0.000977591,0.0185,0.9815,0.000959506
DTXSID5021837,"N,N-Diethylethanolamine",100-37-8,0.174129549,0.0185,0.9815,0.170908152
DTXSID5021590,Dodecanoic acid,143-07-7,0.641032823,0.6128,0.3872,0.248207909
DTXSID5021415,Triisopropanolamine,122-20-3,0.004034657,0.0185,0.9815,0.003960015
DTXSID5021332,Thiram,137-26-8,0,0.0207,0.9793,0
DTXSID5021253,Sodium saccharin,128-44-9,1.376853031,0.0185,0.9815,1.35138125
DTXSID5021251,Saccharin,81-07-2,0.007559751,0.0188,0.9812,0.007417628
DTXSID5020605,2-Ethyl-1-hexanol,104-76-7,0,0.0532,0.9468,0
DTXSID5020154,Clorophene,120-32-1,1.821914567,0.1551,0.8449,1.539335618
DTXSID5020108,Aspirin,50-78-2,0.006499558,0.0191,0.9809,0.006375417
DTXSID4047098,3-Phenylbutyraldehyde,16251-77-7,0,0.031,0.969,0
DTXSID4044822,3-Methyl-5-phenylpentan-1-ol,55066-48-3,0.004180918,0.1218,0.8782,0.003671682
DTXSID4042206,1-Dodecyl-2-pyrrolidinone,2687-96-9,0.04267394,0.3996,0.6004,0.025621434
DTXSID4041654,2-Ethylhexyl benzoate,5444-75-7,0.319688696,0.8332,0.1668,0.053324074
DTXSID4041521,4-Morpholinepropanamine,123-00-2,0.031158778,0.0185,0.9815,0.030582341
DTXSID4038924,Hexyl salicylate,6259-76-3,1.655139504,0.7958,0.2042,0.337979487
DTXSID4035839,"1,3-Dichloro-5-ethyl-5-methylhydantoin",89415-87-2,1.685995444,0.0192,0.9808,1.653624332
DTXSID4034287,5-Heptyldihydro-2(3H)-furanone,104-67-6,0.001699069,0.1856,0.8144,0.001383722
DTXSID4032619,Halofenozide,112226-61-6,0.01946844,0.0806,0.9194,0.017899284
DTXSID4027991,1-Hexadecanol,36653-82-4,1.450956597,0.9368,0.0632,0.091700457
DTXSID4027579,Pentaethylene glycol,4792-15-8,0,0.0185,0.9815,0
DTXSID4027525,Potassium 2-ethylhexanoate,3164-85-0,0,0.0185,0.9815,0
DTXSID4027367,1-Tetradecene,1120-36-1,1.665404575,0.9903,0.0097,0.016154424
DTXSID4027286,1-Docosanol,661-19-8,0.176233223,0.9404,0.0596,0.0105035
DTXSID4027103,Dodecyl 2-methylacrylate,142-90-5,0.00323505,0.939,0.061,0.000197338
DTXSID4027026,"N,N-Dimethyl-1-octadecanamine",124-28-7,0.007936634,0.9405,0.0595,0.00047223
DTXSID4026921,2-[2-(Hexyloxy)ethoxy]ethanol,112-59-4,0,0.0205,0.9795,0
DTXSID4026769,Hexamethyldisiloxane,107-46-0,0.236301457,0.9664,0.0336,0.007939729
DTXSID4026684,2-(Phenylmethylene)octanal,101-86-0,1.875650807,0.7129,0.2871,0.538499347
DTXSID4026501,alpha-Pinene,80-56-8,0.000827683,0.9934,0.0066,5.46E-06
DTXSID4025587,2-Methylcinnamic aldehyde,101-39-3,0,0.0289,0.9711,0
DTXSID4025111,"2,2-Dimethylbutane",75-83-2,0.095500644,0.9985,0.0015,0.000143251
DTXSID4024985,"1,3-Dichloro-5,5-dimethylhydantoin",118-52-5,5.895186054,0.019,0.981,5.783177519
DTXSID4024721,D-Camphor,464-49-3,0.000420868,0.0785,0.9215,0.00038783
DTXSID4022527,Propylparaben,94-13-3,0.461784294,0.0604,0.9396,0.433892522
DTXSID4022109,gamma-Decanolactone,706-14-9,1.542316169,0.1362,0.8638,1.332252707
DTXSID4021894,Cyclohexanol,108-93-0,0.012459359,0.0216,0.9784,0.012190237
DTXSID4021553,Decanal,112-31-2,0,0.5148,0.4852,0
DTXSID4021393,Triethylene glycol,112-27-6,0.67977218,0.0185,0.9815,0.667196395
DTXSID4020749,Isobutylparaben,2/3/4247,0.225546752,0.1095,0.8905,0.200849383
DTXSID4020616,"1,8-Cineol",470-82-6,0.080476542,0.0905,0.9095,0.073193415
DTXSID4020583,Ethyl acrylate,140-88-5,0.000111561,0.1515,0.8485,9.47E-05
DTXSID4020537,Diphenhydramine hydrochloride,147-24-0,0.004170788,0.02,0.98,0.004087372
DTXSID4020086,Anethole,104-46-1,0,0.5145,0.4855,0
DTXSID3047895,Menthyl anthranilate,134-09-8,0.072123131,0.9304,0.0696,0.00501977
DTXSID3047186,Isobutyl salicylate,87-19-4,0,0.304,0.696,0
DTXSID3047001,"(2,2-Dimethoxyethyl)benzene",101-48-4,0,0.0248,0.9752,0
DTXSID3044754,Prop-2-en-1-yl heptanoate,142-19-8,0.011873615,0.3867,0.6133,0.007282088
DTXSID3044598,Panthenol,16485-10-2,0.159047677,0.0185,0.9815,0.156105295
DTXSID3044334,3-Methylhexane,589-34-4,0.006683473,0.9985,0.0015,1.00E-05
DTXSID3042477,Tolnaftate,2398-96-1,0.00056132,0.9115,0.0885,4.97E-05
DTXSID3041790,Citronellal,106-23-0,0.022859968,0.3044,0.6956,0.015901394
DTXSID3038852,Ensulizole,27503-81-7,0.018399666,0.0185,0.9815,0.018059272
DTXSID3037757,Undec-10-enal,112-45-8,0,0.4413,0.5587,0
DTXSID3036288,2-Octyl-1-dodecanol,5333-42-6,0.171505681,0.9403,0.0597,0.010238889
DTXSID3036105,2-tert-Butylcyclohexyl acetate,88-41-5,3.58306234,0.5946,0.4054,1.452573473
DTXSID3035214,1-Octen-3-ol,3391-86-4,0.288478928,0.0462,0.9538,0.275151201
DTXSID3033276,Butyl dipropasol solvent,29911-27-1,2.633759465,0.0186,0.9814,2.584771539
DTXSID3032670,(R)-Mecoprop,16484-77-8,0,0.078,0.922,0
DTXSID3032591,"1-Bromo-3-chloro-5,5-dimethylhydantoin",16079-88-2,1.32592169,0.0189,0.9811,1.30086177
DTXSID3032389,Farnesol,4602-84-0,0.004667407,0.9096,0.0904,0.000421934
DTXSID3029607,Triethylene glycol dimethacrylate,109-16-0,0,0.0215,0.9785,0
DTXSID3029237,3-(Trimethoxysilyl)propyl methacrylate,2530-85-0,0,0.0189,0.9811,0
DTXSID3029233,Benzophenonetetracarboxylic dianhydride,2421-28-5,0.001237109,0.0922,0.9078,0.001123048
DTXSID3027829,"2,5,8,11-Tetraoxatridecan-13-ol",23783-42-8,0,0.0185,0.9815,0
DTXSID3027792,Ethyltriacetoxysilane,17689-77-9,0.042399682,0.0192,0.9808,0.041585608
DTXSID3027530,Trimethylolpropane trimethacrylate,3290-92-4,0.006669929,0.5014,0.4986,0.003325627
DTXSID3027370,Trimethoxymethylsilane,1185-55-3,0.038122615,0.0609,0.9391,0.035800948
DTXSID3027293,2-Ethylhexyl 2-methyl-2-propenoate,688-84-6,0,0.7744,0.2256,0
DTXSID3026726,Citronellol,106-22-9,1.795580749,0.2799,0.7201,1.292997697
DTXSID3025590,Methylcyclopentane,96-37-7,0.025616458,0.9932,0.0068,0.000174192
DTXSID3025542,Methacrylic acid,79-41-4,0.104459138,0.019,0.981,0.102474414
DTXSID3025122,Dimethyl glutarate,1119-40-0,14.19011665,0.019,0.981,13.92050443
DTXSID3025049,Diethylene glycol monomethyl ether,111-77-3,5.010988533,0.0185,0.9815,4.918285245
DTXSID3024994,Sodium dichloroisocyanurate,2893-78-9,12.92960875,0.0185,0.9815,12.69041099
DTXSID3024944,"1,2-Dibromo-2,4-dicyanobutane",35691-65-7,0.000128075,0.0202,0.9798,0.000125488
DTXSID3024869,Cumene hydroperoxide,80-15-9,0.014973848,0.0242,0.9758,0.014611481
DTXSID3024499,4-Aminophenol,123-30-8,0.091819542,0.0185,0.9815,0.09012088
DTXSID3024497,3-Aminophenol,591-27-5,0.10459584,0.0185,0.9815,0.102660817
DTXSID3024368,2-[2-(2-Ethoxyethoxy)ethoxy]ethanol,112-50-5,0,0.0185,0.9815,0
DTXSID3024366,Triethylamine,121-44-8,0.006432748,0.0874,0.9126,0.005870526
DTXSID3022906,Dexpanthenol,81-13-0,1.200174657,0.0185,0.9815,1.177971426
DTXSID3021982,Butyl acetate,123-86-4,1.187973944,0.1347,0.8653,1.027953854
DTXSID3021932,Diethanolamine,111-42-2,1.478202894,0.0185,0.9815,1.45085614
DTXSID3021853,1-Piperazineethanol,103-76-4,0.026881621,0.0185,0.9815,0.026384311
DTXSID3021643,Octanal,124-13-0,0,0.217,0.783,0
DTXSID3021641,Nonanoic acid,112-05-0,0,0.1141,0.8859,0
DTXSID3021483,Phenylacetaldehyde,122-78-1,0,0.0239,0.9761,0
DTXSID3020889,4-Methylstyrene,622-97-9,0.031340088,0.5922,0.4078,0.012780488
DTXSID3020332,Citric acid,77-92-9,61.57755668,0.0185,0.9815,60.43837188
DTXSID3020043,Allantoin,97-59-6,0.082805378,0.0185,0.9815,0.081273478
DTXSID2052655,C.I. Pigment Red 122,980-26-7,0.047639768,0.0301,0.9699,0.046205811
DTXSID2049424,"1,8-Diazabicyclo[5.4.0]undec-7-ene",6674-22-2,0.025944555,0.0205,0.9795,0.025412692
DTXSID2049262,4-Amino-m-cresol,2835-99-6,0.035375654,0.0187,0.9813,0.03471413
DTXSID2047725,"2,2,2-Trichloro-1-phenylethyl acetate",90-17-5,0,0.2375,0.7625,0
DTXSID2047694,Quinine hydrochloride dihydrate,6119-47-7,0.002614284,0.1174,0.8826,0.002307367
DTXSID2044923,"3,5-Diethyl-1-phenyl-2-propyl-1,2-dihydropyridine",34562-31-7,0.054090422,0.9357,0.0643,0.003478014
DTXSID2044769,Cyclamen aldehyde,103-95-7,0.050657915,0.2644,0.7356,0.037263962
DTXSID2044420,Phenol Red sodium salt,34487-61-1,0.000124483,0.0186,0.9814,0.000122168
DTXSID2042436,Sulisobenzone,4065-45-6,0.443408526,0.0186,0.9814,0.435161127
DTXSID2041256,"1,5-Pentanediol",111-29-5,0,0.0187,0.9813,0
DTXSID2040151,Imidazolidinyl urea,39236-46-9,0.231357069,0.0185,0.9815,0.227076963
DTXSID2039336,S-Bioallethrin,28434-00-6,0.001820081,0.6953,0.3047,0.000554579
DTXSID2036112,2-(8-Heptadecenyl)-2-imidazoline-1-ethanol,95-38-5,0.001080342,0.9398,0.0602,6.50E-05
DTXSID2034259,2-Methyl-3(2H)-isothiazolone,2682-20-4,2.168821087,0.0185,0.9815,2.128697897
DTXSID2032348,Chlorophacinone,3691-35-8,8.02E-08,0.8828,0.1172,9.39E-09
DTXSID2029612,Limonene,138-86-3,1.015748966,0.9442,0.0558,0.056678792
DTXSID2029290,"(1S,5S) 2,6,6-Trimethyl-Bicyclo(3.1.1)hept-2-ene",7785-26-4,0.000832948,0.9934,0.0066,5.50E-06
DTXSID2029246,Triethoxyoctylsilane,2943-75-1,0.213960812,0.5962,0.4038,0.086397376
DTXSID2029240,Vinyltrimethoxysilane,2/7/2768,0.049051239,0.0611,0.9389,0.046054208
DTXSID2027886,"2-(2H-Benzotriazol-2-yl)-4,6-bis(1,1-dimethylpropyl)phenol",25973-55-1,0.071114484,0.9393,0.0607,0.004316649
DTXSID2027599,Ammonium thioglycolate,5421-46-5,0.706082343,0.0185,0.9815,0.693019819
DTXSID2027412,"3,6,9,12-Tetraoxahexadecan-1-ol",1559-34-8,0,0.0185,0.9815,0
DTXSID2027333,3-Aminopropyltriethoxysilane,919-30-2,0.007862247,0.0186,0.9814,0.007716009
DTXSID2027044,Sodium acetate,127-09-3,0,0.0188,0.9812,0
DTXSID2026789,Propylene carbonate,108-32-7,0.607180856,0.0185,0.9815,0.59594801
DTXSID2026608,Methylenebutanedioic acid,97-65-4,0,0.0185,0.9815,0
DTXSID2026525,2-tert-Butylphenol,88-18-6,0,0.1058,0.8942,0
DTXSID2026523,Symclosene,87-90-1,6.836730264,0.0188,0.9812,6.708199735
DTXSID2026446,Acetyl tributyl citrate,77-90-7,0.090251229,0.4473,0.5527,0.049881854
DTXSID2026157,"Toluene-2,6-diisocyanate",91-08-7,0.000319332,0.2019,0.7981,0.000254859
DTXSID2025892,N-Phenyl-1-naphthylamine,90-30-2,0.012020278,0.3994,0.6006,0.007219379
DTXSID2025688,Morpholine,110-91-8,0.195793939,0.0191,0.9809,0.192054275
DTXSID2025395,Hexamethyldisilazane,999-97-3,0.050336767,0.0763,0.9237,0.046496071
DTXSID2025347,Furfuryl alcohol,98-00-0,0.127034214,0.0186,0.9814,0.124671377
DTXSID2025050,Diethylenetriamine,111-40-0,0.179532261,0.0185,0.9815,0.176210914
DTXSID2024666,"1,4-Butanediol",110-63-4,0.001448905,0.0185,0.9815,0.001422101
DTXSID2024115,Formic acid,64-18-6,1.561629231,0.0186,0.9814,1.532582927
DTXSID2021997,1-(2-Aminoethyl)piperazine,140-31-8,0.364585355,0.0185,0.9815,0.357840526
DTXSID2021943,2-Undecanone,112-12-9,0.01368102,0.3605,0.6395,0.008749012
DTXSID2021941,2-(2-Ethoxyethoxy)ethanol,111-90-0,7.272792122,0.0185,0.9815,7.138245467
DTXSID2021739,1-Propanol,71-23-8,0.27356911,0.0226,0.9774,0.267386448
DTXSID2021238,Resorcinol,108-46-3,0.089825146,0.0187,0.9813,0.088145416
DTXSID2021236,HC Red 3,1/4/2871,0.019482086,0.0185,0.9815,0.019121667
DTXSID2020977,Nitromethane,75-52-5,0.002902427,0.0337,0.9663,0.002804615
DTXSID2020929,Niacinamide,98-92-0,0.639668306,0.0185,0.9815,0.627834443
DTXSID2020892,Metronidazole,443-48-1,0.020812012,0.0185,0.9815,0.02042699
DTXSID2020505,Dimethylaminoethanol,108-01-0,0.06904619,0.0187,0.9813,0.067755026
DTXSID2020216,Butylated hydroxytoluene,128-37-0,0.131878652,0.8064,0.1936,0.025531707
DTXSID1051771,4-Methyl-2-(2-methylprop-1-en-1-yl)tetrahydro-2H-pyran,16409-43-1,0,0.289,0.711,0
DTXSID1044774,"1,4-Dioxacycloheptadecane-5,17-dione",105-95-3,0.000843152,0.6644,0.3356,0.000282962
DTXSID1044770,4-Methoxybenzyl acetate,104-21-2,0.019569636,0.0249,0.9751,0.019082352
DTXSID1041920,2-(2-Ethylhexyloxy)ethanol,1559-35-9,0.092107464,0.0299,0.9701,0.089353451
DTXSID1041550,(S)-(-)-beta-Citronellol,7540-51-4,0.000823626,0.2799,0.7201,0.000593093
DTXSID1041265,2-Hexyl-1-decanol,2425-77-6,0.00182448,0.9363,0.0637,0.000116219
DTXSID1041184,(-)-beta-Pinene,18172-67-3,0.000844713,0.9869,0.0131,1.11E-05
DTXSID1040794,Sodium 2-phenylphenate tetrahydrate,6152-33-6,0.003418411,0.0659,0.9341,0.003193138
DTXSID1040792,Pyridoxine hydrochloride,58-56-0,0.001437843,0.0185,0.9815,0.001411243
DTXSID1035783,S-Methoprene,65733-16-6,0.014402019,0.8829,0.1171,0.001686476
DTXSID1032646,N-Ethylperfluorooctanesulfonamide,4151-50-2,0.006173075,0.9965,0.0035,2.16E-05
DTXSID1032511,"1,3,5-Triethylhexahydro-s-triazine",7779-27-3,0,0.1127,0.8873,0
DTXSID1032309,"2,4-D-Butotyl",1929-73-3,0,0.3484,0.6516,0
DTXSID1027974,4-tert-Butylcyclohexyl acetate,32210-23-4,0.311345157,0.7373,0.2627,0.081790373
DTXSID1027970,4-(4-Hydroxy-4-methylpentyl)cyclohex-3-ene-1-carbaldehyde,31906-04-4,0.072279592,0.0954,0.9046,0.065384119
DTXSID1027928,2-Ethylhexyl nitrate,27247-96-7,0,0.5592,0.4408,0
DTXSID1027764,"N,N-Dimethyldecanamide",14433-76-2,0.014435573,0.1176,0.8824,0.01273795
DTXSID1027639,2-(2-Propoxyethoxy)ethanol,6881-94-3,0,0.0185,0.9815,0
DTXSID1027635,"2,2,4-Trimethyl-1,3-pentanediol diisobutyrate",6846-50-0,0.015759187,0.747,0.253,0.003987074
DTXSID1027500,2-Propoxyethanol,2807-30-9,0.523700388,0.0185,0.9815,0.514011931
DTXSID1027267,Tetradecane,629-59-4,0.3720511,0.9948,0.0052,0.001934666
DTXSID1027265,"1,6-Hexanediol",629-11-8,0,0.0189,0.9811,0
DTXSID1027263,Pentyl acetate,628-63-7,0.005249349,0.1715,0.8285,0.004349086
DTXSID1027184,Decamethylcyclopentasiloxane,541-02-6,3.708939377,0.9432,0.0568,0.210667757
DTXSID1026908,2-Hexyloxyethanol,112-25-4,0.844541535,0.0231,0.9769,0.825032626
DTXSID1026904,2-Butoxyethyl acetate,112-07-2,0.410320195,0.023,0.977,0.400882831
DTXSID1026796,1-Methoxy-2-propyl acetate,108-65-6,1.113977321,0.0205,0.9795,1.091140786
DTXSID1026615,Ethylene glycol dimethacrylate,97-90-5,0.000141535,0.0251,0.9749,0.000137982
DTXSID1026293,D&C Violet 2,81-48-1,0.022250119,0.9295,0.0705,0.001568633
DTXSID1026241,"3,3,5-Trimethylcyclohexyl salicylate",118-56-9,0.959093955,0.9273,0.0727,0.069726131
DTXSID1025805,Octhilinone,26530-20-1,0.041852761,0.0296,0.9704,0.040613919
DTXSID1025302,Octinoxate,5466-77-3,0.764324037,0.9108,0.0892,0.068177704
DTXSID1025279,Ethyl cyanoacrylate,7085-85-0,1.995375587,0.0197,0.9803,1.956066688
DTXSID1024835,3-Phenylprop-2-enal,104-55-2,0.046305268,0.0218,0.9782,0.045295814
DTXSID1024702,tert-Butyl phenyl glycidyl ether,3101-60-8,0,0.1358,0.8642,0
DTXSID1024598,Benzyl salicylate,118-58-1,0.208614277,0.4581,0.5419,0.113048077
DTXSID1024338,Thiophanate-methyl,23564-05-8,0,0.0195,0.9805,0
DTXSID1023998,Cypermethrin,52315-07-8,0.043028566,0.9382,0.0618,0.002659165
DTXSID1023996,Cyclohexylamine,108-91-8,0.009651241,0.022,0.978,0.009438914
DTXSID1022180,"(1R,2S,5R)-(-)-Menthol",2216-51-5,0.049735621,0.0892,0.9108,0.045299203
DTXSID1022007,Butyl ether,142-96-1,0.52978426,0.7149,0.2851,0.151041493
DTXSID1021873,Isobutyl acrylate,106-63-8,0.002584173,0.262,0.738,0.00190712
DTXSID1021164,Piperazine,110-85-0,0.026458054,0.0185,0.9815,0.02596858
DTXSID1020980,1-Nitropropane,108-03-2,0.064822873,0.0613,0.9387,0.060849231
DTXSID1020807,2-Mercaptobenzothiazole,149-30-4,0.001326488,0.0289,0.9711,0.001288152
DTXSID1020514,"N,N-Dimethyldodecylamine-N-oxide",1643-20-5,4.892740336,0.6458,0.3542,1.733008627
DTXSID1020354,Cyanoguanidine,461-58-5,0.010752498,0.0185,0.9815,0.010553577
DTXSID1020221,4-tert-Butylphenol,98-54-4,0.032111564,0.0944,0.9056,0.029080232
DTXSID1020140,Sodium benzoate,532-32-1,0.266498521,0.0185,0.9815,0.261568298
DTXSID1020015,1-Acetyl-2-phenylhydrazine,114-83-0,0.005129789,0.0187,0.9813,0.005033862
DTXSID0049319,"3,3-Dimethylpentane",562-49-2,0.005202618,0.9987,0.0013,6.76E-06
DTXSID0049028,Chlorphenesin,104-29-0,0.117652994,0.0197,0.9803,0.11533523
DTXSID0047165,"7-Methyl-2H-1,5-benzodioxepin-3(4H)-one",28940-11-6,0.001231372,0.0292,0.9708,0.001195416
DTXSID0046513,Squalane,111-01-3,0.029806888,0.9404,0.0596,0.001776491
DTXSID0042034,"2,2,4,6,6-Pentamethylheptane",13475-82-6,0.146698774,0.9996,0.0004,5.87E-05
DTXSID0041270,"3,5,5-Trimethylhexyl acetate",58430-94-7,0,0.641,0.359,0
DTXSID0039229,Acrylic acid,79-10-7,0.087860086,0.0188,0.9812,0.086208316
DTXSID0034855,Fluazifop-P-butyl,79241-46-6,0,0.5603,0.4397,0
DTXSID0034229,gamma-Nonanolactone,104-61-0,0,0.0982,0.9018,0
DTXSID0034227,Icaridin,119515-38-7,0.044746379,0.0331,0.9669,0.043265273
DTXSID0032572,Prallethrin,23031-36-9,0.001029132,0.555,0.445,0.000457964
DTXSID0032314,"4,4-Dimethyl oxazolidine",51200-87-4,0.000135144,0.0202,0.9798,0.000132414
DTXSID0029761,Sodium dichloro-s-triazinetrione dihydrate,51580-86-0,6.286960322,0.0185,0.9815,6.170651556
DTXSID0029559,Diazolidinyl urea,78491-02-8,0.351967822,0.0185,0.9815,0.345456417
DTXSID0028038,3-Iodo-2-propynyl-N-butylcarbamate,55406-53-6,0.444201292,0.0296,0.9704,0.431052934
DTXSID0027640,Malic acid,6915-15-7,10.57281195,0.0185,0.9815,10.37721493
DTXSID0027565,Methylsilanetriyl triacetate,4253-34-3,0.033135897,0.0189,0.9811,0.032509629
DTXSID0027482,Trimethoxysilane,2487-90-3,9.83E-06,0.0503,0.9497,9.34E-06
DTXSID0027438,Dibutyl phosphite,1809-19-4,0,0.0308,0.9692,0
DTXSID0027309,Ethyl 3-ethoxypropionate,763-69-9,0.719852623,0.0192,0.9808,0.706031452
DTXSID0027301,"1,2-Cyclohexanediamine",694-83-7,0.044296,0.0185,0.9815,0.043476524
DTXSID0027222,Terpinolene,586-62-9,0.009439868,0.894,0.106,0.001000626
DTXSID0027066,Sodium [dodecanoyl(methyl)amino]acetate,137-16-6,0.789762712,0.0186,0.9814,0.775073125
DTXSID0026967,Diethylene glycol dibenzoate,120-55-8,0.078388301,0.0604,0.9396,0.073653647
DTXSID0026882,Octane,111-65-9,0.004494407,0.9994,0.0006,2.70E-06
DTXSID0026838,Isopropyl tetradecanoate,110-27-0,2.751393486,0.9408,0.0592,0.162882494
DTXSID0025816,Oxalic acid,144-62-7,2.418997241,0.0185,0.9815,2.374245792
DTXSID0025571,"2-Methyl-1,3-benzenediol",608-25-3,0.04825912,0.02,0.98,0.047293937
DTXSID0025363,Glycolic acid,79-14-1,3.367704211,0.0185,0.9815,3.305401683
DTXSID0025072,Dihydroxyacetone,96-26-4,0.196147878,0.3449,0.6551,0.128496475
DTXSID0024896,"2,4-D dimethylamine salt",2008-39-1,0.023019551,0.0186,0.9814,0.022591388
DTXSID0024553,Azodicarbonamide,123-77-3,1.620986372,0.0185,0.9815,1.590998124
DTXSID0024395,Acetic anhydride,108-24-7,0.000105228,0.0216,0.9784,0.000102955
DTXSID0023826,Isophorone diisocyanate,4098-71-9,0.206210754,0.6873,0.3127,0.064482103
DTXSID0022191,Tetrahydrofurfuryl methacrylate,2455-24-5,0.134518278,0.0211,0.9789,0.131679943
DTXSID0021969,4-Hydroxy-3-methoxybenzaldehyde,121-33-5,0.004589251,0.0191,0.9809,0.004501597
DTXSID0021888,2-Pentanone,107-87-9,0.033686656,0.0598,0.9402,0.031672194
DTXSID0021832,"N,N,4-Trimethylaniline",99-97-8,4.53E-05,0.0678,0.9322,4.23E-05
DTXSID0021125,Phenolphthalein,77-09-8,0,0.0286,0.9714,0
DTXSID0020151,Benzyl acetate,140-11-4,0.53857601,0.0283,0.9717,0.523334309
